Nome,Partido,UF,Tipo_de_Despesa,Valor
BOSCO SARAIVA,SOLIDARIEDADE,AM,DIVULGAÇÃO DA ATIVIDADE PARLAMENTAR.,R$  67800
PERPÉTUA ALMEIDA,PCdoB,AC,EMISSÃO BILHETE AÉREO,"R$  76669,95"
DELEGADO ÉDER MAURO,PSD,PA,DIVULGAÇÃO DA ATIVIDADE PARLAMENTAR.,R$  121500
SILAS CÂMARA,PRB,AM,DIVULGAÇÃO DA ATIVIDADE PARLAMENTAR.,"R$  193646,17"
CLEBER VERDE,PRB,MA,DIVULGAÇÃO DA ATIVIDADE PARLAMENTAR.,R$  140800
LUIZ CARLOS,PSDB,AP,DIVULGAÇÃO DA ATIVIDADE PARLAMENTAR.,R$  81000
FERNANDO RODOLFO,PL,PE,PASSAGENS AÉREAS,"R$  72908,57"
FLAVIANO MELO,MDB,AC,DIVULGAÇÃO DA ATIVIDADE PARLAMENTAR.,R$  85000
MARCELO RAMOS,PL,AM,PASSAGENS AÉREAS,"R$  87198,66"
WELLINGTON ROBERTO,PL,PB,DIVULGAÇÃO DA ATIVIDADE PARLAMENTAR.,R$  197400
MARRECA FILHO,PATRIOTA,MA,"CONSULTORIAS, PESQUISAS E TRABALHOS TÉCNICOS.","R$  122683,2"
VANDER LOUBET,PT,MS,DIVULGAÇÃO DA ATIVIDADE PARLAMENTAR.,R$  140246
HÉLIO LEITE,DEM,PA,DIVULGAÇÃO DA ATIVIDADE PARLAMENTAR.,R$  93300
NIVALDO ALBUQUERQUE,PTB,AL,DIVULGAÇÃO DA ATIVIDADE PARLAMENTAR.,R$  196000
FABIO REIS,MDB,SE,"CONSULTORIAS, PESQUISAS E TRABALHOS TÉCNICOS.",R$  72000
FÉLIX MENDONÇA JÚNIOR,PDT,BA,DIVULGAÇÃO DA ATIVIDADE PARLAMENTAR.,R$  126500
EDIO LOPES,PL,RR,DIVULGAÇÃO DA ATIVIDADE PARLAMENTAR.,R$  85200
JOÃO DANIEL,PT,SE,DIVULGAÇÃO DA ATIVIDADE PARLAMENTAR.,R$  73050
CÁSSIO ANDRADE,PSB,PA,DIVULGAÇÃO DA ATIVIDADE PARLAMENTAR.,R$  102950
OLIVAL MARQUES,DEM,PA,DIVULGAÇÃO DA ATIVIDADE PARLAMENTAR.,R$  56890
ACÁCIO FAVACHO,PROS,AP,DIVULGAÇÃO DA ATIVIDADE PARLAMENTAR.,R$  114000
ANDRÉ FIGUEIREDO,PDT,CE,"CONSULTORIAS, PESQUISAS E TRABALHOS TÉCNICOS.","R$  60254,64"
MARX BELTRÃO,PSD,AL,DIVULGAÇÃO DA ATIVIDADE PARLAMENTAR.,R$  187500
BETO PEREIRA,PSDB,MS,DIVULGAÇÃO DA ATIVIDADE PARLAMENTAR.,R$  72990
JHONATAN DE JESUS,PRB,RR,DIVULGAÇÃO DA ATIVIDADE PARLAMENTAR.,R$  77600
TADEU ALENCAR,PSB,PE,LOCAÇÃO OU FRETAMENTO DE VEÍCULOS AUTOMOTORES,R$  66000
VAIDON OLIVEIRA,PROS,CE,"CONSULTORIAS, PESQUISAS E TRABALHOS TÉCNICOS.",R$  75000
DANIEL ALMEIDA,PCdoB,BA,DIVULGAÇÃO DA ATIVIDADE PARLAMENTAR.,R$  89015
AIRTON FALEIRO,PT,PA,DIVULGAÇÃO DA ATIVIDADE PARLAMENTAR.,R$  127220
TONINHO WANDSCHEER,PROS,PR,DIVULGAÇÃO DA ATIVIDADE PARLAMENTAR.,R$  86000
ENIO VERRI,PT,PR,DIVULGAÇÃO DA ATIVIDADE PARLAMENTAR.,R$  84540
JOÃO MARCELO SOUZA,MDB,MA,LOCAÇÃO OU FRETAMENTO DE VEÍCULOS AUTOMOTORES,R$  74700
CELSO SABINO,PSDB,PA,"CONSULTORIAS, PESQUISAS E TRABALHOS TÉCNICOS.",R$  100000
ROBERTO DE LUCENA,PODE,SP,EMISSÃO BILHETE AÉREO,"R$  71455,88"
CORONEL CHRISÓSTOMO,PSL,RO,DIVULGAÇÃO DA ATIVIDADE PARLAMENTAR.,"R$  100563,65"
AFONSO MOTTA,PDT,RS,LOCAÇÃO OU FRETAMENTO DE VEÍCULOS AUTOMOTORES,R$  65400
MARIA DO ROSÁRIO,PT,RS,DIVULGAÇÃO DA ATIVIDADE PARLAMENTAR.,R$  55614
ALAN RICK,DEM,AC,DIVULGAÇÃO DA ATIVIDADE PARLAMENTAR.,R$  86300
HIRAN GONÇALVES,PP,RR,DIVULGAÇÃO DA ATIVIDADE PARLAMENTAR.,R$  83710
FERNANDO MONTEIRO,PP,PE,EMISSÃO BILHETE AÉREO,"R$  73482,47"
DAMIÃO FELICIANO,PDT,PB,DIVULGAÇÃO DA ATIVIDADE PARLAMENTAR.,R$  114000
GONZAGA PATRIOTA,PSB,PE,DIVULGAÇÃO DA ATIVIDADE PARLAMENTAR.,R$  117200
JÉSSICA SALES,MDB,AC,DIVULGAÇÃO DA ATIVIDADE PARLAMENTAR.,R$  114500
PAULO TEIXEIRA,PT,SP,DIVULGAÇÃO DA ATIVIDADE PARLAMENTAR.,R$  164430
CARLOS VERAS,PT,PE,DIVULGAÇÃO DA ATIVIDADE PARLAMENTAR.,R$  66330
FLAVIO NOGUEIRA,PDT,PI,LOCAÇÃO OU FRETAMENTO DE VEÍCULOS AUTOMOTORES,R$  72000
HILDO ROCHA,MDB,MA,DIVULGAÇÃO DA ATIVIDADE PARLAMENTAR.,"R$  162936,51"
OSIRES DAMASO,PSC,TO,"CONSULTORIAS, PESQUISAS E TRABALHOS TÉCNICOS.",R$  115000
FABIO SCHIOCHET,PSL,SC,LOCAÇÃO OU FRETAMENTO DE VEÍCULOS AUTOMOTORES,R$  59500
GLEISI HOFFMANN,PT,PR,PASSAGENS AÉREAS,"R$  62688,34"
LUIZIANNE LINS,PT,CE,EMISSÃO BILHETE AÉREO,"R$  74119,41"
DELEGADO PABLO,PSL,AM,DIVULGAÇÃO DA ATIVIDADE PARLAMENTAR.,"R$  94849,72"
CHRISTIANE DE SOUZA YARED,PL,PR,EMISSÃO BILHETE AÉREO,"R$  80943,42"
NICOLETTI,PSL,RR,DIVULGAÇÃO DA ATIVIDADE PARLAMENTAR.,R$  96510
RICARDO TEOBALDO,PODE,PE,LOCAÇÃO OU FRETAMENTO DE VEÍCULOS AUTOMOTORES,R$  72565
EDMILSON RODRIGUES,PSOL,PA,DIVULGAÇÃO DA ATIVIDADE PARLAMENTAR.,"R$  99876,75"
ULDURICO JUNIOR,PROS,BA,"CONSULTORIAS, PESQUISAS E TRABALHOS TÉCNICOS.",R$  92000
VICENTINHO JÚNIOR,PL,TO,"CONSULTORIAS, PESQUISAS E TRABALHOS TÉCNICOS.",R$  175000
NERI GELLER,PP,MT,DIVULGAÇÃO DA ATIVIDADE PARLAMENTAR.,R$  72850
NILTO TATTO,PT,SP,DIVULGAÇÃO DA ATIVIDADE PARLAMENTAR.,"R$  120862,38"
VERMELHO,PSD,PR,DIVULGAÇÃO DA ATIVIDADE PARLAMENTAR.,R$  75800
LUIZ NISHIMORI,PL,PR,"CONSULTORIAS, PESQUISAS E TRABALHOS TÉCNICOS.",R$  63810
LUCAS VERGILIO,SOLIDARIEDADE,GO,"CONSULTORIAS, PESQUISAS E TRABALHOS TÉCNICOS.",R$  130000
ÁTILA LINS,PP,AM,LOCAÇÃO OU FRETAMENTO DE AERONAVES,R$  124055
DAGOBERTO NOGUEIRA,PDT,MS,LOCAÇÃO OU FRETAMENTO DE VEÍCULOS AUTOMOTORES,R$  64500
JOSÉ PRIANTE,MDB,PA,DIVULGAÇÃO DA ATIVIDADE PARLAMENTAR.,R$  90000
JULIAN LEMOS,PSL,PB,DIVULGAÇÃO DA ATIVIDADE PARLAMENTAR.,R$  75200
JOÃO MAIA,PL,RN,DIVULGAÇÃO DA ATIVIDADE PARLAMENTAR.,R$  95600
DULCE MIRANDA,MDB,TO,DIVULGAÇÃO DA ATIVIDADE PARLAMENTAR.,R$  125750
BETO FARO,PT,PA,LOCAÇÃO OU FRETAMENTO DE VEÍCULOS AUTOMOTORES,R$  55000
VINICIUS GURGEL,PL,AP,DIVULGAÇÃO DA ATIVIDADE PARLAMENTAR.,R$  75000
PR. MARCO FELICIANO,PODE,SP,EMISSÃO BILHETE AÉREO,"R$  116030,03"
SILVIO COSTA FILHO,PRB,PE,LOCAÇÃO OU FRETAMENTO DE VEÍCULOS AUTOMOTORES,R$  60000
LEÔNIDAS CRISTINO,PDT,CE,DIVULGAÇÃO DA ATIVIDADE PARLAMENTAR.,R$  63900
ELMAR NASCIMENTO,DEM,BA,"CONSULTORIAS, PESQUISAS E TRABALHOS TÉCNICOS.",R$  72000
JÚLIO CESAR,PSD,PI,LOCAÇÃO OU FRETAMENTO DE VEÍCULOS AUTOMOTORES,R$  48000
PEDRO LUCAS FERNANDES,PTB,MA,DIVULGAÇÃO DA ATIVIDADE PARLAMENTAR.,R$  70000
ARTHUR OLIVEIRA MAIA,DEM,BA,EMISSÃO BILHETE AÉREO,"R$  68399,27"
MARGARETE COELHO,PP,PI,LOCAÇÃO OU FRETAMENTO DE VEÍCULOS AUTOMOTORES,"R$  66133,2"
BETO ROSADO,PP,RN,DIVULGAÇÃO DA ATIVIDADE PARLAMENTAR.,R$  76000
HEITOR FREIRE,PSL,CE,MANUTENÇÃO DE ESCRITÓRIO DE APOIO À ATIVIDADE PARLAMENTAR,"R$  60433,13"
LEONARDO MONTEIRO,PT,MG,EMISSÃO BILHETE AÉREO,R$  60667
LINCOLN PORTELA,PL,MG,DIVULGAÇÃO DA ATIVIDADE PARLAMENTAR.,R$  65000
FÁBIO HENRIQUE,PDT,SE,"CONSULTORIAS, PESQUISAS E TRABALHOS TÉCNICOS.",R$  70000
GIL CUTRIM,PDT,MA,"CONSULTORIAS, PESQUISAS E TRABALHOS TÉCNICOS.",R$  58500
MAURÍCIO DZIEDRICKI,PTB,RS,EMISSÃO BILHETE AÉREO,"R$  73877,86"
MARCELO NILO,PSB,BA,DIVULGAÇÃO DA ATIVIDADE PARLAMENTAR.,R$  98100
CÉLIO SILVEIRA,PSDB,GO,"CONSULTORIAS, PESQUISAS E TRABALHOS TÉCNICOS.",R$  94000
VINICIUS CARVALHO,PRB,SP,EMISSÃO BILHETE AÉREO,"R$  83640,15"
SAMUEL MOREIRA,PSDB,SP,DIVULGAÇÃO DA ATIVIDADE PARLAMENTAR.,"R$  71990,3"
DANIEL FREITAS,PSL,SC,DIVULGAÇÃO DA ATIVIDADE PARLAMENTAR.,R$  79770
DARCI DE MATOS,PSD,SC,EMISSÃO BILHETE AÉREO,"R$  56793,14"
DOMINGOS NETO,PSD,CE,"CONSULTORIAS, PESQUISAS E TRABALHOS TÉCNICOS.",R$  150000
ALEX MANENTE,CIDADANIA,SP,DIVULGAÇÃO DA ATIVIDADE PARLAMENTAR.,R$  126425
JORGE SOLLA,PT,BA,EMISSÃO BILHETE AÉREO,"R$  48094,16"
ALINE GURGEL,PRB,AP,"CONSULTORIAS, PESQUISAS E TRABALHOS TÉCNICOS.",R$  85250
ALEX SANTANA,PDT,BA,LOCAÇÃO OU FRETAMENTO DE VEÍCULOS AUTOMOTORES,R$  74500
ELI CORRÊA FILHO,DEM,SP,EMISSÃO BILHETE AÉREO,"R$  83039,46"
JOSÉ AIRTON FÉLIX CIRILO,PT,CE,EMISSÃO BILHETE AÉREO,"R$  54330,36"
EUCLYDES PETTERSEN,PSC,MG,DIVULGAÇÃO DA ATIVIDADE PARLAMENTAR.,R$  73000
CAPITÃO AUGUSTO,PL,SP,DIVULGAÇÃO DA ATIVIDADE PARLAMENTAR.,R$  94600
IGOR TIMO,PODE,MG,DIVULGAÇÃO DA ATIVIDADE PARLAMENTAR.,"R$  118182,97"
RUY CARNEIRO,PSDB,PB,DIVULGAÇÃO DA ATIVIDADE PARLAMENTAR.,"R$  115668,03"
PROFESSOR ALCIDES,PP,GO,LOCAÇÃO OU FRETAMENTO DE VEÍCULOS AUTOMOTORES,R$  71940
MÁRCIO BIOLCHI,MDB,RS,MANUTENÇÃO DE ESCRITÓRIO DE APOIO À ATIVIDADE PARLAMENTAR,"R$  58593,52"
BILAC PINTO,DEM,MG,DIVULGAÇÃO DA ATIVIDADE PARLAMENTAR.,R$  128000
MÁRCIO MARINHO,PRB,BA,EMISSÃO BILHETE AÉREO,"R$  51559,47"
VAVÁ MARTINS,PRB,PA,DIVULGAÇÃO DA ATIVIDADE PARLAMENTAR.,R$  60500
MANUEL MARCOS,PRB,AC,DIVULGAÇÃO DA ATIVIDADE PARLAMENTAR.,R$  72470
RAFAEL MOTTA,PSB,RN,DIVULGAÇÃO DA ATIVIDADE PARLAMENTAR.,"R$  77376,8"
JOSÉ GUIMARÃES,PT,CE,EMISSÃO BILHETE AÉREO,"R$  66695,52"
TEREZA NELMA,PSDB,AL,DIVULGAÇÃO DA ATIVIDADE PARLAMENTAR.,R$  60400
REINHOLD STEPHANES JUNIOR,PSD,PR,MANUTENÇÃO DE ESCRITÓRIO DE APOIO À ATIVIDADE PARLAMENTAR,"R$  52621,64"
ROBERTO ALVES,PRB,SP,"CONSULTORIAS, PESQUISAS E TRABALHOS TÉCNICOS.",R$  93000
ROBÉRIO MONTEIRO,PDT,CE,LOCAÇÃO OU FRETAMENTO DE VEÍCULOS AUTOMOTORES,"R$  73968,8"
JERÔNIMO GOERGEN,PP,RS,EMISSÃO BILHETE AÉREO,"R$  67989,53"
FREI ANASTACIO RIBEIRO,PT,PB,DIVULGAÇÃO DA ATIVIDADE PARLAMENTAR.,R$  54600
EVANDRO ROMAN,PSD,PR,EMISSÃO BILHETE AÉREO,"R$  47493,02"
GIACOBO,PL,PR,DIVULGAÇÃO DA ATIVIDADE PARLAMENTAR.,R$  77000
BALEIA ROSSI,MDB,SP,EMISSÃO BILHETE AÉREO,"R$  68044,31"
NELSON PELLEGRINO,PT,BA,LOCAÇÃO OU FRETAMENTO DE VEÍCULOS AUTOMOTORES,R$  67800
PATRUS ANANIAS,PT,MG,MANUTENÇÃO DE ESCRITÓRIO DE APOIO À ATIVIDADE PARLAMENTAR,"R$  86431,69"
MARÍLIA ARRAES,PT,PE,LOCAÇÃO OU FRETAMENTO DE VEÍCULOS AUTOMOTORES,R$  54000
VANDERLEI MACRIS,PSDB,SP,EMISSÃO BILHETE AÉREO,"R$  62996,24"
JOSÉ NUNES,PSD,BA,LOCAÇÃO OU FRETAMENTO DE VEÍCULOS AUTOMOTORES,R$  67490
PAULO BENGTSON,PTB,PA,"CONSULTORIAS, PESQUISAS E TRABALHOS TÉCNICOS.",R$  109000
MISAEL VARELLA,PSD,MG,MANUTENÇÃO DE ESCRITÓRIO DE APOIO À ATIVIDADE PARLAMENTAR,"R$  77334,91"
SHÉRIDAN,PSDB,RR,PASSAGENS AÉREAS,"R$  79003,32"
EXPEDITO NETTO,PSD,RO,LOCAÇÃO OU FRETAMENTO DE VEÍCULOS AUTOMOTORES,R$  67200
EROS BIONDINI,PROS,MG,EMISSÃO BILHETE AÉREO,"R$  53751,37"
SEVERINO PESSOA,PRB,AL,"CONSULTORIAS, PESQUISAS E TRABALHOS TÉCNICOS.",R$  87500
RUBENS OTONI,PT,GO,MANUTENÇÃO DE ESCRITÓRIO DE APOIO À ATIVIDADE PARLAMENTAR,"R$  61403,08"
JANDIRA FEGHALI,PCdoB,RJ,EMISSÃO BILHETE AÉREO,"R$  63089,4"
ALCEU MOREIRA,MDB,RS,MANUTENÇÃO DE ESCRITÓRIO DE APOIO À ATIVIDADE PARLAMENTAR,"R$  55298,35"
ANDRÉ ABDON,PP,AP,DIVULGAÇÃO DA ATIVIDADE PARLAMENTAR.,R$  49300
ROBERTO PESSOA,PSDB,CE,DIVULGAÇÃO DA ATIVIDADE PARLAMENTAR.,"R$  79815,28"
VINICIUS FARAH,MDB,RJ,DIVULGAÇÃO DA ATIVIDADE PARLAMENTAR.,"R$  61196,49"
LUCIANO DUCCI,PSB,PR,"CONSULTORIAS, PESQUISAS E TRABALHOS TÉCNICOS.",R$  55060
JOÃO CAMPOS,PRB,GO,DIVULGAÇÃO DA ATIVIDADE PARLAMENTAR.,R$  63000
GELSON AZEVEDO,PL,RJ,DIVULGAÇÃO DA ATIVIDADE PARLAMENTAR.,"R$  61045,5"
CARLOS SAMPAIO,PSDB,SP,EMISSÃO BILHETE AÉREO,"R$  110062,16"
GUSTINHO RIBEIRO,SOLIDARIEDADE,SE,"CONSULTORIAS, PESQUISAS E TRABALHOS TÉCNICOS.",R$  160200
MARA ROCHA,PSDB,AC,DIVULGAÇÃO DA ATIVIDADE PARLAMENTAR.,R$  110060
MARCON,PT,RS,DIVULGAÇÃO DA ATIVIDADE PARLAMENTAR.,"R$  87966,66"
DARCÍSIO PERONDI,MDB,RS,DIVULGAÇÃO DA ATIVIDADE PARLAMENTAR.,R$  82500
DOMINGOS SÁVIO,PSDB,MG,DIVULGAÇÃO DA ATIVIDADE PARLAMENTAR.,"R$  51720,36"
NEREU CRISPIM,PSL,RS,LOCAÇÃO OU FRETAMENTO DE VEÍCULOS AUTOMOTORES,"R$  70097,3"
PEDRO UCZAI,PT,SC,EMISSÃO BILHETE AÉREO,"R$  64152,49"
EDUARDO CURY,PSDB,SP,LOCAÇÃO OU FRETAMENTO DE VEÍCULOS AUTOMOTORES,R$  46302
WILSON SANTIAGO,PTB,PB,"CONSULTORIAS, PESQUISAS E TRABALHOS TÉCNICOS.",R$  75000
ZÉ SILVA,SOLIDARIEDADE,MG,DIVULGAÇÃO DA ATIVIDADE PARLAMENTAR.,R$  76940
MARLON SANTOS,PDT,RS,EMISSÃO BILHETE AÉREO,"R$  83382,32"
VITOR LIPPI,PSDB,SP,MANUTENÇÃO DE ESCRITÓRIO DE APOIO À ATIVIDADE PARLAMENTAR,"R$  61076,42"
RONALDO CARLETTO,PP,BA,"CONSULTORIAS, PESQUISAS E TRABALHOS TÉCNICOS.",R$  88860
MARCOS AURÉLIO SAMPAIO,MDB,PI,DIVULGAÇÃO DA ATIVIDADE PARLAMENTAR.,R$  90000
PAULO GUEDES,PT,MG,LOCAÇÃO OU FRETAMENTO DE VEÍCULOS AUTOMOTORES,R$  67560
ANTONIO BRITO,PSD,BA,EMISSÃO BILHETE AÉREO,"R$  68225,3"
HUGO MOTTA,PRB,PB,DIVULGAÇÃO DA ATIVIDADE PARLAMENTAR.,R$  132570
MÁRCIO LABRE,PSL,RJ,EMISSÃO BILHETE AÉREO,"R$  69668,66"
JESUS SÉRGIO,PDT,AC,LOCAÇÃO OU FRETAMENTO DE AERONAVES,R$  44150
PAULO ABI-ACKEL,PSDB,MG,LOCAÇÃO OU FRETAMENTO DE VEÍCULOS AUTOMOTORES,"R$  72129,44"
SERGIO SOUZA,MDB,PR,MANUTENÇÃO DE ESCRITÓRIO DE APOIO À ATIVIDADE PARLAMENTAR,"R$  44985,4"
AFONSO HAMM,PP,RS,EMISSÃO BILHETE AÉREO,"R$  71342,3"
SILVIA CRISTINA,PDT,RO,DIVULGAÇÃO DA ATIVIDADE PARLAMENTAR.,"R$  79197,5"
ALINE SLEUTJES,PSL,PR,DIVULGAÇÃO DA ATIVIDADE PARLAMENTAR.,R$  101540
ORLANDO SILVA,PCdoB,SP,EMISSÃO BILHETE AÉREO,"R$  58538,56"
ALICE PORTUGAL,PCdoB,BA,DIVULGAÇÃO DA ATIVIDADE PARLAMENTAR.,"R$  78382,88"
BOHN GASS,PT,RS,EMISSÃO BILHETE AÉREO,R$  37703
CLAUDIO CAJADO,PP,BA,EMISSÃO BILHETE AÉREO,"R$  79595,4"
RAUL HENRY,MDB,PE,EMISSÃO BILHETE AÉREO,"R$  64402,61"
CAMILO CAPIBERIBE,PSB,AP,DIVULGAÇÃO DA ATIVIDADE PARLAMENTAR.,R$  63750
AUGUSTO COUTINHO,SOLIDARIEDADE,PE,MANUTENÇÃO DE ESCRITÓRIO DE APOIO À ATIVIDADE PARLAMENTAR,"R$  84999,16"
MÁRIO NEGROMONTE JR.,PP,BA,DIVULGAÇÃO DA ATIVIDADE PARLAMENTAR.,R$  75000
DANRLEI DE DEUS HINTERHOLZ,PSD,RS,LOCAÇÃO OU FRETAMENTO DE VEÍCULOS AUTOMOTORES,R$  69200
GENINHO ZULIANI,DEM,SP,EMISSÃO BILHETE AÉREO,R$  49059
CELSO MALDANER,MDB,SC,EMISSÃO BILHETE AÉREO,"R$  68013,8"
GEOVANIA DE SÁ,PSDB,SC,DIVULGAÇÃO DA ATIVIDADE PARLAMENTAR.,R$  50314
TIAGO DIMAS,SOLIDARIEDADE,TO,DIVULGAÇÃO DA ATIVIDADE PARLAMENTAR.,R$  52900
ANDRÉ DE PAULA,PSD,PE,EMISSÃO BILHETE AÉREO,"R$  53967,84"
WALTER ALVES,MDB,RN,"CONSULTORIAS, PESQUISAS E TRABALHOS TÉCNICOS.",R$  60000
JOSÉ RICARDO,PT,AM,EMISSÃO BILHETE AÉREO,"R$  50484,78"
BACELAR,PODE,BA,DIVULGAÇÃO DA ATIVIDADE PARLAMENTAR.,R$  80850
AROLDO MARTINS,PRB,PR,MANUTENÇÃO DE ESCRITÓRIO DE APOIO À ATIVIDADE PARLAMENTAR,"R$  56453,71"
ÁTILA LIRA,PSB,PI,LOCAÇÃO OU FRETAMENTO DE VEÍCULOS AUTOMOTORES,R$  58800
BENEDITA DA SILVA,PT,RJ,DIVULGAÇÃO DA ATIVIDADE PARLAMENTAR.,R$  71090
POMPEO DE MATTOS,PDT,RS,DIVULGAÇÃO DA ATIVIDADE PARLAMENTAR.,R$  62920
DIMAS FABIANO,PP,MG,LOCAÇÃO OU FRETAMENTO DE VEÍCULOS AUTOMOTORES,R$  52750
DENIS BEZERRA,PSB,CE,LOCAÇÃO OU FRETAMENTO DE VEÍCULOS AUTOMOTORES,R$  46500
ZÉ VITOR,PL,MG,DIVULGAÇÃO DA ATIVIDADE PARLAMENTAR.,R$  76000
FLORDELIS,PSD,RJ,MANUTENÇÃO DE ESCRITÓRIO DE APOIO À ATIVIDADE PARLAMENTAR,"R$  61171,11"
ROSANGELA GOMES,PRB,RJ,EMISSÃO BILHETE AÉREO,"R$  72260,21"
CARLOS HENRIQUE GAGUIM,DEM,TO,LOCAÇÃO OU FRETAMENTO DE VEÍCULOS AUTOMOTORES,R$  50000
TITO,AVANTE,BA,"CONSULTORIAS, PESQUISAS E TRABALHOS TÉCNICOS.",R$  60000
PROFESSORA ROSA NEIDE,PT,MT,EMISSÃO BILHETE AÉREO,"R$  45733,22"
CACÁ LEÃO,PP,BA,LOCAÇÃO OU FRETAMENTO DE VEÍCULOS AUTOMOTORES,"R$  53713,33"
JAQUELINE CASSOL,PP,RO,DIVULGAÇÃO DA ATIVIDADE PARLAMENTAR.,R$  70900
FAUSTO PINATO,PP,SP,DIVULGAÇÃO DA ATIVIDADE PARLAMENTAR.,R$  78000
JUSCELINO FILHO,DEM,MA,"CONSULTORIAS, PESQUISAS E TRABALHOS TÉCNICOS.",R$  53000
MÁRIO HERINGER,PDT,MG,EMISSÃO BILHETE AÉREO,"R$  61278,15"
GUILHERME DERRITE,PP,SP,"CONSULTORIAS, PESQUISAS E TRABALHOS TÉCNICOS.",R$  78000
TALÍRIA PETRONE,PSOL,RJ,EMISSÃO BILHETE AÉREO,"R$  73163,41"
ADRIANO DO BALDY,PP,GO,DIVULGAÇÃO DA ATIVIDADE PARLAMENTAR.,R$  89839
VALMIR ASSUNÇÃO,PT,BA,EMISSÃO BILHETE AÉREO,"R$  63846,2"
CRISTIANO VALE,PL,PA,LOCAÇÃO OU FRETAMENTO DE VEÍCULOS AUTOMOTORES,R$  66650
FÁBIO MITIDIERI,PSD,SE,LOCAÇÃO OU FRETAMENTO DE VEÍCULOS AUTOMOTORES,R$  60000
JOAQUIM PASSARINHO,PSD,PA,EMISSÃO BILHETE AÉREO,"R$  48897,25"
EVAIR VIEIRA DE MELO,PP,ES,EMISSÃO BILHETE AÉREO,"R$  40249,21"
PAULO FREIRE COSTA,PL,SP,EMISSÃO BILHETE AÉREO,"R$  102554,1"
MARCELO FREIXO,PSOL,RJ,EMISSÃO BILHETE AÉREO,"R$  71974,74"
BOCA ABERTA,PROS,PR,DIVULGAÇÃO DA ATIVIDADE PARLAMENTAR.,"R$  65002,65"
REGINALDO LOPES,PT,MG,EMISSÃO BILHETE AÉREO,"R$  84134,7"
ERIKA KOKAY,PT,DF,"CONSULTORIAS, PESQUISAS E TRABALHOS TÉCNICOS.",R$  126860
JÚLIO DELGADO,PSB,MG,DIVULGAÇÃO DA ATIVIDADE PARLAMENTAR.,"R$  65163,58"
ALEXANDRE PADILHA,PT,SP,DIVULGAÇÃO DA ATIVIDADE PARLAMENTAR.,R$  108855
DAVID SOARES,DEM,SP,EMISSÃO BILHETE AÉREO,"R$  54220,76"
LEUR LOMANTO JÚNIOR,DEM,BA,LOCAÇÃO OU FRETAMENTO DE VEÍCULOS AUTOMOTORES,"R$  55903,42"
RUBENS BUENO,CIDADANIA,PR,EMISSÃO BILHETE AÉREO,"R$  83027,16"
PEDRO WESTPHALEN,PP,RS,DIVULGAÇÃO DA ATIVIDADE PARLAMENTAR.,R$  43200
ABÍLIO SANTANA,PL,BA,LOCAÇÃO OU FRETAMENTO DE VEÍCULOS AUTOMOTORES,R$  52907
AFONSO FLORENCE,PT,BA,DIVULGAÇÃO DA ATIVIDADE PARLAMENTAR.,R$  71300
SEBASTIÃO OLIVEIRA,PL,PE,DIVULGAÇÃO DA ATIVIDADE PARLAMENTAR.,R$  45000
JOSÉ ROCHA,PL,BA,DIVULGAÇÃO DA ATIVIDADE PARLAMENTAR.,R$  54536
ALIEL MACHADO,PSB,PR,EMISSÃO BILHETE AÉREO,"R$  58103,26"
RODRIGO DE CASTRO,PSDB,MG,LOCAÇÃO OU FRETAMENTO DE VEÍCULOS AUTOMOTORES,R$  53400
JHC,PSB,AL,DIVULGAÇÃO DA ATIVIDADE PARLAMENTAR.,R$  75000
GENECIAS NORONHA,SOLIDARIEDADE,CE,"CONSULTORIAS, PESQUISAS E TRABALHOS TÉCNICOS.",R$  70000
GLAUSTIN FOKUS,PSC,GO,DIVULGAÇÃO DA ATIVIDADE PARLAMENTAR.,"R$  66678,75"
JUNINHO DO PNEU,DEM,RJ,EMISSÃO BILHETE AÉREO,"R$  70939,9"
GURGEL,PSL,RJ,LOCAÇÃO OU FRETAMENTO DE VEÍCULOS AUTOMOTORES,R$  44000
HELDER SALOMÃO,PT,ES,DIVULGAÇÃO DA ATIVIDADE PARLAMENTAR.,R$  47740
IDILVAN ALENCAR,PDT,CE,DIVULGAÇÃO DA ATIVIDADE PARLAMENTAR.,R$  47875
JEFFERSON CAMPOS,PSB,SP,MANUTENÇÃO DE ESCRITÓRIO DE APOIO À ATIVIDADE PARLAMENTAR,"R$  44984,23"
NILSON PINTO,PSDB,PA,EMISSÃO BILHETE AÉREO,"R$  48108,93"
RENATA ABREU,PODE,SP,DIVULGAÇÃO DA ATIVIDADE PARLAMENTAR.,R$  76100
LOESTER TRUTIS,PSL,MS,"CONSULTORIAS, PESQUISAS E TRABALHOS TÉCNICOS.",R$  122565
JÚNIOR MANO,PL,CE,"CONSULTORIAS, PESQUISAS E TRABALHOS TÉCNICOS.",R$  70200
VALDEVAN NOVENTA,PSC,SE,EMISSÃO BILHETE AÉREO,"R$  67410,61"
ZECA DIRCEU,PT,PR,DIVULGAÇÃO DA ATIVIDADE PARLAMENTAR.,"R$  44990,04"
EDUARDO BISMARCK,PDT,CE,DIVULGAÇÃO DA ATIVIDADE PARLAMENTAR.,R$  52500
PROFESSORA DAYANE PIMENTEL,PSL,BA,LOCAÇÃO OU FRETAMENTO DE VEÍCULOS AUTOMOTORES,R$  44000
GIOVANI CHERINI,PL,RS,DIVULGAÇÃO DA ATIVIDADE PARLAMENTAR.,R$  38872
PAULO PIMENTA,PT,RS,DIVULGAÇÃO DA ATIVIDADE PARLAMENTAR.,R$  64400
DIEGO GARCIA,PODE,PR,LOCAÇÃO OU FRETAMENTO DE VEÍCULOS AUTOMOTORES,"R$  32762,08"
ALESSANDRO MOLON,PSB,RJ,MANUTENÇÃO DE ESCRITÓRIO DE APOIO À ATIVIDADE PARLAMENTAR,"R$  67211,37"
ALEXANDRE SERFIOTIS,PSD,RJ,EMISSÃO BILHETE AÉREO,"R$  70793,36"
MARCOS PEREIRA,PRB,SP,DIVULGAÇÃO DA ATIVIDADE PARLAMENTAR.,R$  50000
MARIA ROSAS,PRB,SP,LOCAÇÃO OU FRETAMENTO DE VEÍCULOS AUTOMOTORES,R$  57668
WALDENOR PEREIRA,PT,BA,DIVULGAÇÃO DA ATIVIDADE PARLAMENTAR.,R$  70880
ANGELA AMIN,PP,SC,DIVULGAÇÃO DA ATIVIDADE PARLAMENTAR.,R$  60000
PADRE JOÃO,PT,MG,LOCAÇÃO OU FRETAMENTO DE VEÍCULOS AUTOMOTORES,R$  47000
IRACEMA PORTELLA,PP,PI,"CONSULTORIAS, PESQUISAS E TRABALHOS TÉCNICOS.",R$  58000
CARLOS ZARATTINI,PT,SP,MANUTENÇÃO DE ESCRITÓRIO DE APOIO À ATIVIDADE PARLAMENTAR,"R$  53752,81"
ODAIR CUNHA,PT,MG,LOCAÇÃO OU FRETAMENTO DE VEÍCULOS AUTOMOTORES,"R$  60565,99"
HENRIQUE FONTANA,PT,RS,EMISSÃO BILHETE AÉREO,"R$  39205,54"
DRA. VANDA MILANI,SOLIDARIEDADE,AC,DIVULGAÇÃO DA ATIVIDADE PARLAMENTAR.,R$  80400
CAPITÃO WAGNER,PROS,CE,EMISSÃO BILHETE AÉREO,"R$  61441,91"
MARGARIDA SALOMÃO,PT,MG,MANUTENÇÃO DE ESCRITÓRIO DE APOIO À ATIVIDADE PARLAMENTAR,"R$  53580,67"
NATÁLIA BONAVIDES,PT,RN,DIVULGAÇÃO DA ATIVIDADE PARLAMENTAR.,"R$  56294,24"
OTONI DE PAULA,PSC,RJ,DIVULGAÇÃO DA ATIVIDADE PARLAMENTAR.,R$  91500
CHICO D'ANGELO,PDT,RJ,DIVULGAÇÃO DA ATIVIDADE PARLAMENTAR.,R$  70500
DR. JAZIEL,PL,CE,EMISSÃO BILHETE AÉREO,"R$  62917,89"
CEZINHA DE MADUREIRA,PSD,SP,DIVULGAÇÃO DA ATIVIDADE PARLAMENTAR.,R$  44190
MARINA SANTOS,SOLIDARIEDADE,PI,DIVULGAÇÃO DA ATIVIDADE PARLAMENTAR.,R$  80200
ALTINEU CÔRTES,PL,RJ,PASSAGENS AÉREAS,"R$  97873,99"
FELIPE FRANCISCHINI,PSL,PR,"CONSULTORIAS, PESQUISAS E TRABALHOS TÉCNICOS.",R$  60000
EDILÁZIO JÚNIOR,PSD,MA,DIVULGAÇÃO DA ATIVIDADE PARLAMENTAR.,"R$  43387,26"
EDUARDO COSTA,PTB,PA,DIVULGAÇÃO DA ATIVIDADE PARLAMENTAR.,R$  67200
PAULO AZI,DEM,BA,"CONSULTORIAS, PESQUISAS E TRABALHOS TÉCNICOS.",R$  62000
PROFESSOR JOZIEL,PSL,RJ,DIVULGAÇÃO DA ATIVIDADE PARLAMENTAR.,R$  72190
LEANDRE,PV,PR,"CONSULTORIAS, PESQUISAS E TRABALHOS TÉCNICOS.",R$  36000
WOLNEY QUEIROZ,PDT,PE,EMISSÃO BILHETE AÉREO,"R$  75688,1"
JOÃO H. CAMPOS,PSB,PE,LOCAÇÃO OU FRETAMENTO DE VEÍCULOS AUTOMOTORES,R$  60700
FÁBIO FARIA,PSD,RN,DIVULGAÇÃO DA ATIVIDADE PARLAMENTAR.,R$  51852
CAPITÃO ALBERTO NETO,PRB,AM,DIVULGAÇÃO DA ATIVIDADE PARLAMENTAR.,R$  80306
SÂMIA BOMFIM,PSOL,SP,DIVULGAÇÃO DA ATIVIDADE PARLAMENTAR.,"R$  88873,5"
PAULÃO,PT,AL,EMISSÃO BILHETE AÉREO,"R$  42330,38"
LAFAYETTE DE ANDRADA,PRB,MG,MANUTENÇÃO DE ESCRITÓRIO DE APOIO À ATIVIDADE PARLAMENTAR,"R$  97187,98"
RICARDO IZAR,PP,SP,EMISSÃO BILHETE AÉREO,"R$  62903,85"
GUTEMBERG REIS,MDB,RJ,EMISSÃO BILHETE AÉREO,"R$  42038,31"
GUILHERME MUSSI,PP,SP,EMISSÃO BILHETE AÉREO,"R$  100566,6"
AJ ALBUQUERQUE,PP,CE,DIVULGAÇÃO DA ATIVIDADE PARLAMENTAR.,R$  40000
HAROLDO CATHEDRAL,PSD,RR,EMISSÃO BILHETE AÉREO,"R$  64140,87"
EDNA HENRIQUE,PSDB,PB,DIVULGAÇÃO DA ATIVIDADE PARLAMENTAR.,R$  87100
DANIEL SILVEIRA,PSL,RJ,SERVIÇO DE SEGURANÇA PRESTADO POR EMPRESA ESPECIALIZADA.,R$  32000
JOSEILDO RAMOS,PT,BA,LOCAÇÃO OU FRETAMENTO DE VEÍCULOS AUTOMOTORES,"R$  53020,25"
RICARDO BARROS,PP,PR,DIVULGAÇÃO DA ATIVIDADE PARLAMENTAR.,R$  60000
SUBTENENTE GONZAGA,PDT,MG,EMISSÃO BILHETE AÉREO,"R$  59241,22"
CLARISSA GAROTINHO,PROS,RJ,EMISSÃO BILHETE AÉREO,"R$  135054,1"
OTACI NASCIMENTO,SOLIDARIEDADE,RR,LOCAÇÃO OU FRETAMENTO DE VEÍCULOS AUTOMOTORES,R$  49600
CÉLIO MOURA,PT,TO,EMISSÃO BILHETE AÉREO,"R$  31976,15"
HERCULANO PASSOS,MDB,SP,DIVULGAÇÃO DA ATIVIDADE PARLAMENTAR.,R$  72500
ZÉ CARLOS,PT,MA,LOCAÇÃO OU FRETAMENTO DE VEÍCULOS AUTOMOTORES,R$  55000
LUCIO MOSQUINI,MDB,RO,DIVULGAÇÃO DA ATIVIDADE PARLAMENTAR.,R$  67050
PEDRO AUGUSTO BEZERRA,PTB,CE,EMISSÃO BILHETE AÉREO,"R$  73141,58"
MARCELO BRUM,PSL,RS,DIVULGAÇÃO DA ATIVIDADE PARLAMENTAR.,R$  54105
DANIEL COELHO,CIDADANIA,PE,DIVULGAÇÃO DA ATIVIDADE PARLAMENTAR.,R$  55650
DELEGADO MARCELO FREITAS,PSL,MG,EMISSÃO BILHETE AÉREO,"R$  50454,11"
GILBERTO NASCIMENTO,PSC,SP,EMISSÃO BILHETE AÉREO,"R$  51684,91"
SERGIO VIDIGAL,PDT,ES,DIVULGAÇÃO DA ATIVIDADE PARLAMENTAR.,R$  69040
ALÊ SILVA,PSL,MG,DIVULGAÇÃO DA ATIVIDADE PARLAMENTAR.,R$  51000
MAURO LOPES,MDB,MG,EMISSÃO BILHETE AÉREO,"R$  42651,59"
WLADIMIR GAROTINHO,PSD,RJ,EMISSÃO BILHETE AÉREO,"R$  63721,52"
DA VITORIA,CIDADANIA,ES,MANUTENÇÃO DE ESCRITÓRIO DE APOIO À ATIVIDADE PARLAMENTAR,"R$  42456,39"
OSSESIO SILVA,PRB,PE,LOCAÇÃO OU FRETAMENTO DE VEÍCULOS AUTOMOTORES,"R$  48480,19"
PASTOR EURICO,PATRIOTA,PE,EMISSÃO BILHETE AÉREO,"R$  73029,52"
RUI FALCÃO,PT,SP,EMISSÃO BILHETE AÉREO,"R$  53053,79"
MAGDA MOFATTO,PL,GO,MANUTENÇÃO DE ESCRITÓRIO DE APOIO À ATIVIDADE PARLAMENTAR,"R$  72984,44"
SANTINI,PTB,RS,DIVULGAÇÃO DA ATIVIDADE PARLAMENTAR.,"R$  50397,86"
PEDRO PAULO,DEM,RJ,MANUTENÇÃO DE ESCRITÓRIO DE APOIO À ATIVIDADE PARLAMENTAR,"R$  66231,76"
GLAUBER BRAGA,PSOL,RJ,DIVULGAÇÃO DA ATIVIDADE PARLAMENTAR.,R$  54275
ALUISIO MENDES,PODE,MA,MANUTENÇÃO DE ESCRITÓRIO DE APOIO À ATIVIDADE PARLAMENTAR,"R$  32822,72"
CARLOS JORDY,PSL,RJ,DIVULGAÇÃO DA ATIVIDADE PARLAMENTAR.,R$  67500
GASTÃO VIEIRA,PROS,MA,DIVULGAÇÃO DA ATIVIDADE PARLAMENTAR.,R$  70175
REJANE DIAS,PT,PI,LOCAÇÃO OU FRETAMENTO DE VEÍCULOS AUTOMOTORES,"R$  62566,67"
ROGÉRIO PENINHA MENDONÇA,MDB,SC,LOCAÇÃO OU FRETAMENTO DE VEÍCULOS AUTOMOTORES,R$  60000
FERNANDO COELHO FILHO,DEM,PE,EMISSÃO BILHETE AÉREO,"R$  48345,85"
SÓSTENES CAVALCANTE,DEM,RJ,DIVULGAÇÃO DA ATIVIDADE PARLAMENTAR.,R$  67600
TABATA AMARAL,PDT,SP,"CONSULTORIAS, PESQUISAS E TRABALHOS TÉCNICOS.",R$  87500
DANIELA DO WAGUINHO,MDB,RJ,EMISSÃO BILHETE AÉREO,"R$  64191,6"
RAIMUNDO COSTA,PL,BA,EMISSÃO BILHETE AÉREO,"R$  52201,59"
JUAREZ COSTA,MDB,MT,EMISSÃO BILHETE AÉREO,"R$  50509,89"
VALTENIR PEREIRA,MDB,MT,"CONSULTORIAS, PESQUISAS E TRABALHOS TÉCNICOS.",R$  80400
JÚNIOR BOZZELLA,PSL,SP,DIVULGAÇÃO DA ATIVIDADE PARLAMENTAR.,R$  47300
EFRAIM FILHO,DEM,PB,DIVULGAÇÃO DA ATIVIDADE PARLAMENTAR.,R$  68150
JOSIMAR MARANHÃOZINHO,PL,MA,"CONSULTORIAS, PESQUISAS E TRABALHOS TÉCNICOS.",R$  50001
CHARLES FERNANDES,PSD,BA,DIVULGAÇÃO DA ATIVIDADE PARLAMENTAR.,R$  75412
HUGO LEAL,PSD,RJ,MANUTENÇÃO DE ESCRITÓRIO DE APOIO À ATIVIDADE PARLAMENTAR,"R$  41639,76"
CARLOS CHIODINI,MDB,SC,EMISSÃO BILHETE AÉREO,"R$  50884,09"
LÍDICE DA MATA,PSB,BA,MANUTENÇÃO DE ESCRITÓRIO DE APOIO À ATIVIDADE PARLAMENTAR,"R$  52080,35"
DR. LUIZ ANTONIO TEIXEIRA JR.,PP,RJ,EMISSÃO BILHETE AÉREO,"R$  60459,5"
MOSES RODRIGUES,MDB,CE,"CONSULTORIAS, PESQUISAS E TRABALHOS TÉCNICOS.",R$  78000
AGUINALDO RIBEIRO,PP,PB,DIVULGAÇÃO DA ATIVIDADE PARLAMENTAR.,R$  45000
MÁRCIO JERRY,PCdoB,MA,"CONSULTORIAS, PESQUISAS E TRABALHOS TÉCNICOS.",R$  60000
ARNALDO JARDIM,CIDADANIA,SP,MANUTENÇÃO DE ESCRITÓRIO DE APOIO À ATIVIDADE PARLAMENTAR,"R$  60896,8"
CELSO RUSSOMANNO,PRB,SP,EMISSÃO BILHETE AÉREO,"R$  91314,35"
CHARLLES EVANGELISTA,PSL,MG,"CONSULTORIAS, PESQUISAS E TRABALHOS TÉCNICOS.",R$  41024
PINHEIRINHO,PP,MG,LOCAÇÃO OU FRETAMENTO DE VEÍCULOS AUTOMOTORES,R$  70200
FERNANDA MELCHIONNA,PSOL,RS,DIVULGAÇÃO DA ATIVIDADE PARLAMENTAR.,R$  72763
LAERCIO OLIVEIRA,PP,SE,LOCAÇÃO OU FRETAMENTO DE VEÍCULOS AUTOMOTORES,"R$  55687,5"
AÉCIO NEVES,PSDB,MG,MANUTENÇÃO DE ESCRITÓRIO DE APOIO À ATIVIDADE PARLAMENTAR,"R$  84752,14"
SCHIAVINATO,PP,PR,EMISSÃO BILHETE AÉREO,"R$  51661,16"
CHRISTINO AUREO,PP,RJ,EMISSÃO BILHETE AÉREO,"R$  57787,5"
ASSIS CARVALHO,PT,PI,EMISSÃO BILHETE AÉREO,"R$  52993,48"
VICENTINHO,PT,SP,EMISSÃO BILHETE AÉREO,"R$  61594,31"
ROSE MODESTO,PSDB,MS,PASSAGENS AÉREAS,"R$  47140,27"
MILTON VIEIRA,PRB,SP,LOCAÇÃO OU FRETAMENTO DE VEÍCULOS AUTOMOTORES,"R$  39119,99"
LUISA CANZIANI,PTB,PR,EMISSÃO BILHETE AÉREO,"R$  60049,72"
LUIZÃO GOULART,PRB,PR,EMISSÃO BILHETE AÉREO,"R$  38055,84"
FRANCISCO JR.,PSD,GO,"CONSULTORIAS, PESQUISAS E TRABALHOS TÉCNICOS.",R$  41400
IVAN VALENTE,PSOL,SP,EMISSÃO BILHETE AÉREO,"R$  61191,66"
ALEXANDRE LEITE,DEM,SP,EMISSÃO BILHETE AÉREO,"R$  55091,13"
FILIPE BARROS,PSL,PR,MANUTENÇÃO DE ESCRITÓRIO DE APOIO À ATIVIDADE PARLAMENTAR,"R$  47831,58"
ISNALDO BULHÕES JR.,MDB,AL,EMISSÃO BILHETE AÉREO,"R$  58658,23"
PROFESSORA MARCIVANIA,PCdoB,AP,MANUTENÇÃO DE ESCRITÓRIO DE APOIO À ATIVIDADE PARLAMENTAR,"R$  39514,7"
LEDA SADALA,AVANTE,AP,EMISSÃO BILHETE AÉREO,"R$  50890,68"
LUIZ ANTÔNIO CORRÊA,S.PART.,RJ,MANUTENÇÃO DE ESCRITÓRIO DE APOIO À ATIVIDADE PARLAMENTAR,"R$  31117,5"
TED CONTI,PSB,ES,DIVULGAÇÃO DA ATIVIDADE PARLAMENTAR.,R$  34775
CARLA ZAMBELLI,PSL,SP,MANUTENÇÃO DE ESCRITÓRIO DE APOIO À ATIVIDADE PARLAMENTAR,"R$  50504,8"
JOÃO CARLOS BACELAR,PL,BA,EMISSÃO BILHETE AÉREO,"R$  38621,23"
ENRICO MISASI,PV,SP,DIVULGAÇÃO DA ATIVIDADE PARLAMENTAR.,R$  35000
CARMEN ZANOTTO,CIDADANIA,SC,EMISSÃO BILHETE AÉREO,"R$  31918,17"
JOÃO ROMA,PRB,BA,MANUTENÇÃO DE ESCRITÓRIO DE APOIO À ATIVIDADE PARLAMENTAR,"R$  60897,57"
ROGÉRIO CORREIA,PT,MG,EMISSÃO BILHETE AÉREO,"R$  53684,66"
JULIO CESAR RIBEIRO,PRB,DF,"CONSULTORIAS, PESQUISAS E TRABALHOS TÉCNICOS.",R$  44000
PAULO PEREIRA DA SILVA,SOLIDARIEDADE,SP,EMISSÃO BILHETE AÉREO,"R$  120245,26"
BENES LEOCÁDIO,PRB,RN,MANUTENÇÃO DE ESCRITÓRIO DE APOIO À ATIVIDADE PARLAMENTAR,"R$  41812,37"
DAVID MIRANDA,PSOL,RJ,EMISSÃO BILHETE AÉREO,"R$  46683,46"
ALENCAR SANTANA BRAGA,PT,SP,EMISSÃO BILHETE AÉREO,"R$  38584,81"
BOSCO COSTA,PL,SE,LOCAÇÃO OU FRETAMENTO DE VEÍCULOS AUTOMOTORES,R$  50240
EDUARDO BOLSONARO,PSL,SP,EMISSÃO BILHETE AÉREO,"R$  39581,66"
FÁBIO RAMALHO,MDB,MG,EMISSÃO BILHETE AÉREO,"R$  55409,75"
CARLOS GOMES,PRB,RS,EMISSÃO BILHETE AÉREO,"R$  39401,53"
OTTO ALENCAR FILHO,PSD,BA,LOCAÇÃO OU FRETAMENTO DE VEÍCULOS AUTOMOTORES,"R$  51880,8"
LUIZA ERUNDINA,PSOL,SP,EMISSÃO BILHETE AÉREO,"R$  40101,27"
FRED COSTA,PATRIOTA,MG,EMISSÃO BILHETE AÉREO,"R$  41282,4"
PROFESSORA DORINHA SEABRA REZENDE,DEM,TO,LOCAÇÃO OU FRETAMENTO DE VEÍCULOS AUTOMOTORES,R$  58600
EDUARDO DA FONTE,PP,PE,EMISSÃO BILHETE AÉREO,"R$  53084,67"
ELCIONE BARBALHO,MDB,PA,LOCAÇÃO OU FRETAMENTO DE VEÍCULOS AUTOMOTORES,"R$  42406,5"
MARCELO ARO,PP,MG,MANUTENÇÃO DE ESCRITÓRIO DE APOIO À ATIVIDADE PARLAMENTAR,"R$  53562,82"
EDUARDO BRAIDE,PMN,MA,EMISSÃO BILHETE AÉREO,"R$  61248,95"
FÁBIO TRAD,PSD,MS,DIVULGAÇÃO DA ATIVIDADE PARLAMENTAR.,R$  65350
FLÁVIA MORAIS,PDT,GO,"CONSULTORIAS, PESQUISAS E TRABALHOS TÉCNICOS.",R$  60250
JORGE BRAZ,PRB,RJ,LOCAÇÃO OU FRETAMENTO DE VEÍCULOS AUTOMOTORES,R$  56842
DELEGADO ANTÔNIO FURTADO,PSL,RJ,EMISSÃO BILHETE AÉREO,"R$  45816,95"
DR. FREDERICO,PATRIOTA,MG,MANUTENÇÃO DE ESCRITÓRIO DE APOIO À ATIVIDADE PARLAMENTAR,"R$  30609,72"
SANDERSON,PSL,RS,EMISSÃO BILHETE AÉREO,"R$  28760,58"
BIA CAVASSA,PSDB,MS,DIVULGAÇÃO DA ATIVIDADE PARLAMENTAR.,R$  61440
MAJOR FABIANA,PSL,RJ,EMISSÃO BILHETE AÉREO,"R$  73746,85"
EDUARDO BARBOSA,PSDB,MG,LOCAÇÃO OU FRETAMENTO DE VEÍCULOS AUTOMOTORES,"R$  30216,44"
SORAYA SANTOS,PL,RJ,EMISSÃO BILHETE AÉREO,"R$  69240,75"
DRA. SORAYA MANATO,PSL,ES,LOCAÇÃO OU FRETAMENTO DE VEÍCULOS AUTOMOTORES,R$  57525
LIZIANE BAYER,PSB,RS,LOCAÇÃO OU FRETAMENTO DE VEÍCULOS AUTOMOTORES,"R$  41566,67"
PEDRO CUNHA LIMA,PSDB,PB,DIVULGAÇÃO DA ATIVIDADE PARLAMENTAR.,R$  74500
MARIANA CARVALHO,PSDB,RO,DIVULGAÇÃO DA ATIVIDADE PARLAMENTAR.,"R$  51612,02"
RENILDO CALHEIROS,PCdoB,PE,MANUTENÇÃO DE ESCRITÓRIO DE APOIO À ATIVIDADE PARLAMENTAR,"R$  46205,88"
PASTOR SARGENTO ISIDÓRIO,AVANTE,BA,LOCAÇÃO OU FRETAMENTO DE VEÍCULOS AUTOMOTORES,R$  54500
ÁUREA CAROLINA,PSOL,MG,EMISSÃO BILHETE AÉREO,"R$  57850,74"
AUREO RIBEIRO,SOLIDARIEDADE,RJ,EMISSÃO BILHETE AÉREO,"R$  95797,36"
LAURIETE,PL,ES,EMISSÃO BILHETE AÉREO,"R$  48718,56"
ANDRÉ FUFUCA,PP,MA,DIVULGAÇÃO DA ATIVIDADE PARLAMENTAR.,R$  57500
BRUNA FURLAN,PSDB,SP,EMISSÃO BILHETE AÉREO,"R$  34205,71"
DANILO CABRAL,PSB,PE,EMISSÃO BILHETE AÉREO,"R$  56212,73"
ARTHUR LIRA,PP,AL,EMISSÃO BILHETE AÉREO,"R$  81270,21"
DIEGO ANDRADE,PSD,MG,EMISSÃO BILHETE AÉREO,"R$  59151,61"
LÉO MOTTA,PSL,MG,DIVULGAÇÃO DA ATIVIDADE PARLAMENTAR.,R$  50100
JOENIA WAPICHANA,REDE,RR,LOCAÇÃO OU FRETAMENTO DE VEÍCULOS AUTOMOTORES,R$  42995
MIGUEL LOMBARDI,PL,SP,COMBUSTÍVEIS E LUBRIFICANTES.,"R$  27745,33"
DR. ZACHARIAS CALIL,DEM,GO,DIVULGAÇÃO DA ATIVIDADE PARLAMENTAR.,R$  70000
HEITOR SCHUCH,PSB,RS,EMISSÃO BILHETE AÉREO,"R$  31444,78"
LUIZ LIMA,PSL,RJ,EMISSÃO BILHETE AÉREO,"R$  34476,28"
BIRA DO PINDARÉ,PSB,MA,PASSAGENS AÉREAS,"R$  48817,66"
ALEXANDRE FROTA,PSL,SP,EMISSÃO BILHETE AÉREO,"R$  38853,94"
ENÉIAS REIS,PSL,MG,EMISSÃO BILHETE AÉREO,"R$  41179,78"
GERVÁSIO MAIA,PSB,PB,LOCAÇÃO OU FRETAMENTO DE VEÍCULOS AUTOMOTORES,"R$  30016,66"
ZÉ NETO,PT,BA,MANUTENÇÃO DE ESCRITÓRIO DE APOIO À ATIVIDADE PARLAMENTAR,"R$  38680,56"
EMIDINHO MADEIRA,PSB,MG,EMISSÃO BILHETE AÉREO,"R$  45306,03"
PAULO MAGALHÃES,PSD,BA,EMISSÃO BILHETE AÉREO,"R$  38278,7"
TÚLIO GADÊLHA,PDT,PE,EMISSÃO BILHETE AÉREO,"R$  41123,16"
CHIQUINHO BRAZÃO,AVANTE,RJ,EMISSÃO BILHETE AÉREO,"R$  55496,82"
FELIPE RIGONI,PSB,ES,"CONSULTORIAS, PESQUISAS E TRABALHOS TÉCNICOS.",R$  47560
CÉLIO STUDART,PV,CE,EMISSÃO BILHETE AÉREO,"R$  41162,63"
SIDNEY LEITE,PSD,AM,EMISSÃO BILHETE AÉREO,"R$  50089,27"
NORMA AYUB,DEM,ES,MANUTENÇÃO DE ESCRITÓRIO DE APOIO À ATIVIDADE PARLAMENTAR,"R$  42327,21"
ANDRÉ JANONES,AVANTE,MG,EMISSÃO BILHETE AÉREO,"R$  32333,86"
CELINA LEÃO,PP,DF,DIVULGAÇÃO DA ATIVIDADE PARLAMENTAR.,R$  72000
STEFANO AGUIAR,PSD,MG,LOCAÇÃO OU FRETAMENTO DE VEÍCULOS AUTOMOTORES,"R$  50669,48"
RODRIGO COELHO,PSB,SC,EMISSÃO BILHETE AÉREO,"R$  50700,43"
PAULO RAMOS,PDT,RJ,EMISSÃO BILHETE AÉREO,"R$  38460,55"
GIOVANI FELTES,MDB,RS,EMISSÃO BILHETE AÉREO,"R$  47486,96"
MARCELO CALERO,CIDADANIA,RJ,MANUTENÇÃO DE ESCRITÓRIO DE APOIO À ATIVIDADE PARLAMENTAR,"R$  38495,22"
HÉLIO COSTA,PRB,SC,EMISSÃO BILHETE AÉREO,"R$  27567,01"
LUIZ FLÁVIO GOMES,PSB,SP,EMISSÃO BILHETE AÉREO,"R$  45270,93"
ROSANA VALLE,PSB,SP,EMISSÃO BILHETE AÉREO,"R$  33623,44"
ARLINDO CHINAGLIA,PT,SP,EMISSÃO BILHETE AÉREO,"R$  63197,32"
BIBO NUNES,PSL,RS,EMISSÃO BILHETE AÉREO,"R$  24296,52"
LUCAS REDECKER,PSDB,RS,MANUTENÇÃO DE ESCRITÓRIO DE APOIO À ATIVIDADE PARLAMENTAR,"R$  47011,61"
MAJOR VITOR HUGO,PSL,GO,LOCAÇÃO OU FRETAMENTO DE VEÍCULOS AUTOMOTORES,R$  31913
JÚNIOR FERRARI,PSD,PA,DIVULGAÇÃO DA ATIVIDADE PARLAMENTAR.,R$  37500
MARCELO MORAES,PTB,RS,EMISSÃO BILHETE AÉREO,"R$  42112,22"
EMANUEL PINHEIRO NETO,PTB,MT,DIVULGAÇÃO DA ATIVIDADE PARLAMENTAR.,R$  47280
LUCIANO BIVAR,PSL,PE,EMISSÃO BILHETE AÉREO,"R$  26741,4"
ADOLFO VIANA,PSDB,BA,LOCAÇÃO OU FRETAMENTO DE VEÍCULOS AUTOMOTORES,R$  51000
DR. LEONARDO,SOLIDARIEDADE,MT,EMISSÃO BILHETE AÉREO,"R$  29629,16"
LOURIVAL GOMES,PSL,RJ,EMISSÃO BILHETE AÉREO,"R$  44923,1"
GILBERTO ABRAMO,PRB,MG,LOCAÇÃO OU FRETAMENTO DE VEÍCULOS AUTOMOTORES,R$  28000
PASTOR GILDENEMYR,PL,MA,PASSAGENS AÉREAS,"R$  45914,64"
MARCO BERTAIOLLI,PSD,SP,DIVULGAÇÃO DA ATIVIDADE PARLAMENTAR.,R$  48000
GENERAL GIRÃO,PSL,RN,EMISSÃO BILHETE AÉREO,"R$  53106,07"
RICARDO GUIDI,PSD,SC,EMISSÃO BILHETE AÉREO,"R$  45783,8"
LUCAS GONZALEZ,NOVO,MG,"CONSULTORIAS, PESQUISAS E TRABALHOS TÉCNICOS.",R$  44100
ALCIDES RODRIGUES,PATRIOTA,GO,COMBUSTÍVEIS E LUBRIFICANTES.,"R$  31077,68"
ANDRÉ FERREIRA,PSC,PE,EMISSÃO BILHETE AÉREO,"R$  41647,87"
PEDRO LUPION,DEM,PR,EMISSÃO BILHETE AÉREO,"R$  36347,31"
SARGENTO FAHUR,PSD,PR,EMISSÃO BILHETE AÉREO,"R$  45314,56"
HELIO LOPES,PSL,RJ,LOCAÇÃO OU FRETAMENTO DE VEÍCULOS AUTOMOTORES,R$  45600
JUNIOR LOURENÇO,PL,MA,EMISSÃO BILHETE AÉREO,"R$  33551,42"
JOSÉ MEDEIROS,PODE,MT,PASSAGENS AÉREAS,"R$  40333,53"
SERGIO TOLEDO,PL,AL,EMISSÃO BILHETE AÉREO,"R$  30682,75"
FRANCO CARTAFINA,PP,MG,LOCAÇÃO OU FRETAMENTO DE VEÍCULOS AUTOMOTORES,R$  22800
POLICIAL KATIA SASTRE,PL,SP,LOCAÇÃO OU FRETAMENTO DE VEÍCULOS AUTOMOTORES,R$  38440
LUIZ CARLOS MOTTA,PL,SP,EMISSÃO BILHETE AÉREO,"R$  42675,64"
ELI BORGES,SOLIDARIEDADE,TO,DIVULGAÇÃO DA ATIVIDADE PARLAMENTAR.,R$  24906
WELITON PRADO,PROS,MG,EMISSÃO BILHETE AÉREO,"R$  42156,82"
MAURO NAZIF,PSB,RO,PASSAGENS AÉREAS,"R$  56796,54"
LUIS TIBÉ,AVANTE,MG,MANUTENÇÃO DE ESCRITÓRIO DE APOIO À ATIVIDADE PARLAMENTAR,"R$  47663,33"
JOSE MARIO SCHREINER,DEM,GO,DIVULGAÇÃO DA ATIVIDADE PARLAMENTAR.,R$  48300
CORONEL TADEU,PSL,SP,EMISSÃO BILHETE AÉREO,"R$  27247,03"
AMARO NETO,PRB,ES,EMISSÃO BILHETE AÉREO,"R$  40079,63"
IGOR KANNÁRIO,PHS,BA,EMISSÃO BILHETE AÉREO,"R$  33818,11"
MAURO BENEVIDES FILHO,PDT,CE,EMISSÃO BILHETE AÉREO,"R$  46628,78"
RODRIGO MAIA,DEM,RJ,DIVULGAÇÃO DA ATIVIDADE PARLAMENTAR.,R$  60000
FELÍCIO LATERÇA,PSL,RJ,EMISSÃO BILHETE AÉREO,"R$  31774,51"
NEWTON CARDOSO JR,MDB,MG,EMISSÃO BILHETE AÉREO,"R$  27363,64"
ALEXIS FONTEYNE,NOVO,SP,EMISSÃO BILHETE AÉREO,"R$  30050,89"
GENERAL PETERNELLI,PSL,SP,PASSAGENS AÉREAS,"R$  21900,45"
VILSON DA FETAEMG,PSB,MG,EMISSÃO BILHETE AÉREO,"R$  27494,72"
BIA KICIS,PSL,DF,MANUTENÇÃO DE ESCRITÓRIO DE APOIO À ATIVIDADE PARLAMENTAR,"R$  26194,07"
LÉO MORAES,PODE,RO,EMISSÃO BILHETE AÉREO,"R$  37196,76"
CORONEL ARMANDO,PSL,SC,EMISSÃO BILHETE AÉREO,"R$  34642,94"
TIRIRICA,PL,SP,EMISSÃO BILHETE AÉREO,"R$  51765,35"
JOICE HASSELMANN,PSL,SP,EMISSÃO BILHETE AÉREO,"R$  30919,89"
MERLONG SOLANO,PT,PI,LOCAÇÃO OU FRETAMENTO DE VEÍCULOS AUTOMOTORES,R$  17840
KIM KATAGUIRI,DEM,SP,EMISSÃO BILHETE AÉREO,"R$  59425,48"
CHRIS TONIETTO,PSL,RJ,EMISSÃO BILHETE AÉREO,"R$  24332,16"
HERMES PARCIANELLO,MDB,PR,COMBUSTÍVEIS E LUBRIFICANTES.,"R$  15516,9"
GUIGA PEIXOTO,PSL,SP,EMISSÃO BILHETE AÉREO,"R$  17115,64"
LUIZ PHILIPPE DE ORLEANS E BRAGANÇA,PSL,SP,EMISSÃO BILHETE AÉREO,"R$  45698,88"
MARCIO ALVINO,PL,SP,EMISSÃO BILHETE AÉREO,"R$  24328,88"
GUSTAVO FRUET,PDT,PR,EMISSÃO BILHETE AÉREO,"R$  19995,89"
ABOU ANNI,PSL,SP,MANUTENÇÃO DE ESCRITÓRIO DE APOIO À ATIVIDADE PARLAMENTAR,"R$  20898,72"
ANÍBAL GOMES,DEM,CE,LOCAÇÃO OU FRETAMENTO DE VEÍCULOS AUTOMOTORES,R$  24420
CAROLINE DE TONI,PSL,SC,EMISSÃO BILHETE AÉREO,"R$  33952,32"
DR. LUIZ OVANDO,PSL,MS,EMISSÃO BILHETE AÉREO,"R$  17249,69"
FELIPE CARRERAS,PSB,PE,EMISSÃO BILHETE AÉREO,"R$  46173,9"
DANIEL TRZECIAK,PSDB,RS,MANUTENÇÃO DE ESCRITÓRIO DE APOIO À ATIVIDADE PARLAMENTAR,"R$  23812,16"
SÉRGIO BRITO,PSD,BA,DIVULGAÇÃO DA ATIVIDADE PARLAMENTAR.,R$  28020
DELEGADO WALDIR,PSL,GO,LOCAÇÃO OU FRETAMENTO DE VEÍCULOS AUTOMOTORES,R$  31500
GREYCE ELIAS,AVANTE,MG,COMBUSTÍVEIS E LUBRIFICANTES.,"R$  18345,71"
CARLOS BEZERRA,MDB,MT,DIVULGAÇÃO DA ATIVIDADE PARLAMENTAR.,R$  35000
RODRIGO AGOSTINHO,PSB,SP,EMISSÃO BILHETE AÉREO,R$  33374
ELIAS VAZ,PSB,GO,DIVULGAÇÃO DA ATIVIDADE PARLAMENTAR.,R$  27500
JOSIAS GOMES,PT,BA,DIVULGAÇÃO DA ATIVIDADE PARLAMENTAR.,"R$  12979,8"
PROFESSOR ISRAEL BATISTA,PV,DF,DIVULGAÇÃO DA ATIVIDADE PARLAMENTAR.,R$  16000
CAPITÃO FÁBIO ABREU,PL,PI,EMISSÃO BILHETE AÉREO,"R$  20960,32"
RUBENS PEREIRA JÚNIOR,PCdoB,MA,"CONSULTORIAS, PESQUISAS E TRABALHOS TÉCNICOS.",R$  20000
ADRIANA VENTURA,NOVO,SP,MANUTENÇÃO DE ESCRITÓRIO DE APOIO À ATIVIDADE PARLAMENTAR,"R$  25196,28"
NELSON BARBUDO,PSL,MT,EMISSÃO BILHETE AÉREO,"R$  12731,99"
JUNIO AMARAL,PSL,MG,LOCAÇÃO OU FRETAMENTO DE VEÍCULOS AUTOMOTORES,R$  15000
PAULO GANIME,NOVO,RJ,PASSAGENS AÉREAS,"R$  30834,14"
FLÁVIA ARRUDA,PL,DF,LOCAÇÃO OU FRETAMENTO DE VEÍCULOS AUTOMOTORES,R$  23700
PAES LANDIM,PTB,PI,LOCAÇÃO OU FRETAMENTO DE AERONAVES,R$  18720
GILSON MARQUES,NOVO,SC,PASSAGENS AÉREAS,"R$  15330,87"
VINICIUS POIT,NOVO,SP,MANUTENÇÃO DE ESCRITÓRIO DE APOIO À ATIVIDADE PARLAMENTAR,"R$  11017,6"
LUIS MIRANDA,DEM,DF,COMBUSTÍVEIS E LUBRIFICANTES.,"R$  12453,22"
MARCEL VAN HATTEM,NOVO,RS,PASSAGENS AÉREAS,"R$  14335,33"
JOSÉ NELTO,PODE,GO,COMBUSTÍVEIS E LUBRIFICANTES.,"R$  17381,23"
COVATTI FILHO,PP,RS,DIVULGAÇÃO DA ATIVIDADE PARLAMENTAR.,R$  20582
PAULO EDUARDO MARTINS,PSC,PR,EMISSÃO BILHETE AÉREO,"R$  18962,4"
TIAGO MITRAUD,NOVO,MG,PASSAGENS AÉREAS,"R$  6094,68"
SIMPLÍCIO ARAÚJO,SOLIDARIEDADE,MA,EMISSÃO BILHETE AÉREO,"R$  7107,46"
SANDRO ALEX,PSD,PR,EMISSÃO BILHETE AÉREO,"R$  1039,39"
HERCÍLIO COELHO DINIZ,MDB,MG,TELEFONIA,"R$  608,14"
OSMAR TERRA,MDB,RS,COMBUSTÍVEIS E LUBRIFICANTES.,"R$  195,33"
PAULO FOLETTO,PSB,ES,MANUTENÇÃO DE ESCRITÓRIO DE APOIO À ATIVIDADE PARLAMENTAR,"R$  238,93"
PAULA BELMONTE,CIDADANIA,DF,TELEFONIA,"R$  201,88"
TEREZA CRISTINA,DEM,MS,TELEFONIA,"R$  26,02"
MARCELO ÁLVARO ANTÔNIO,PSL,MG,SERVIÇOS POSTAIS,"R$  9,1"
ONYX LORENZONI,DEM,RS,TELEFONIA,"R$  5,94"
